image_url,heading,subheading
Zero_Pack_-_Custom_Compostable_Packaging_-_OneRoad_-_800_x_800.png?v=1736910543,OneRoad,"OneRoad is an advanced telematics solutions to enhance safety, compliance, and efficiency for all heavy vehicles."
Zero_Pack_-_Custom_Compostable_Packaging_-_Primasoy.webp?v=1721029898,Primasoy,Primasoy is a family owned company producing organic tempeh since 2005. Our tempeh is made in Melbourne and distributed throughout Australia.
Zero_Pack_-_Custom_Compostable_Packaging_-_Second_Skin_4cf140a2-e9ad-4e68-9ede-b0a815b58c8a.webp?v=1721031246,Second Skin,"Our Second Skin team consults with families, therapists and medical practitioners to prescribe, manufacture and supply custom made Compression Garments and Dynamic Splints."
Zero_Pack_custom_compostable_packaging_eco-friendly_shipping_bags_and_mailers_snowys_grey_-_Copy.png,Snoweys Closet,"We believe that every pet deserves to feel comfortable, stylish, and, above all, loved."
Zero_Pack_custom_compostable_packaging_eco-friendly_shipping_bags_and_mailers_infectious_grey.png,Infectious Clothing Company,"When you work hard to help people feel good or look good, what you wear matters."
Zero_Pack_custom_compostable_packaging_eco-friendly_shipping_bags_and_mailers_the_love_green_600x300_c5e26d41-eae8-4c2b-9044-9a1eb2c432e7.png,The Love Training Wear,"Creating a brand that supports girls of all ages and fitness levels. Our collection is all about comfort, style and quality."
Zero_Pack_custom_compostable_packaging_eco-friendly_shipping_bags_and_mailers_skin_labs_yellow.png,THE SKIN LAB,"Established by specialist doctors, Dermatologists and Pharmacists."
Zero_Pack_custom_compostable_packaging_eco-friendly_shipping_bags_and_mailers_nana_huchy_grey.png,Nana Huchy,Purveyors of sweet memories & unconditional love.
Zero_Pack_custom_compostable_packaging_eco-friendly_shipping_bags_and_mailers_bye_bambi_green_243d3ed5-c9ac-46fa-930a-1071462982c8.webp,Bye Bambi,We strive to become a global leader in championing freedom and fashion for the youth of tomorrow
Zero_Pack_custom_compostable_packaging_eco-friendly_shipping_bags_and_mailers_dimple_orange.png,Dimple,"Affordable, high-quality daily contacts, delivered to you."
Zero_Pack_custom_compostable_packaging_eco-friendly_shipping_bags_and_mailers_code_black_pink_780x200_d0776423-3c5c-4f18-86f3-0672d3b08b8e.png,Code Black Coffee,Good Coffee for everyone
Zero_Pack_custom_compostable_packaging_eco-friendly_shipping_bags_and_mailers_parliament_house_blue.png,Australian Parliament House,
Zero_Pack_custom_compostable_packaging_eco-friendly_shipping_bags_and_mailers_quayclean_light_grey.png,Quayclean,"Since 2002, we have been committed to providing exceptional cleaning and waste management services to our clients."
Zero_Pack_custom_compostable_packaging_eco-friendly_shipping_bags_and_mailers_escape_rooms_yellow_450x200_2105477f-3a8c-4bc1-a875-56301fbc82be.webp,Escape Tabletop Games,A CHALLENGE FOR ALL TYPES
Zero_Pack_custom_compostable_packaging_eco-friendly_shipping_bags_and_mailers_dohertys_magenta_550x200_0680d46e-df85-4eee-912b-14df8671c4b8.png,Dohertys Gym,A Home away from Home
Zero_Pack_custom_compostable_packaging_eco-friendly_shipping_bags_and_mailers_lahana_pale_blue_20cd995e-2861-4d4d-a2e8-fe431b710abc.webp,Lahana,"Lahana is the synergetic force of sisters, of womanly energy cultivated into a brand that breaks hearts and turns heads. Unapologetically bold, with values that are reinforced with both word and action."
Zero_Pack_custom_compostable_packaging_eco-friendly_shipping_bags_and_mailers_provincial_red.png,Provincial Home Living,"At Provincial Home Living, we have crafted an inspiring collection of homewares and furniture to transform your home into an escape from the everyday hustle and bustle."
Zero_Pack_custom_compostable_packaging_eco-friendly_shipping_bags_and_mailers_vinnies_lime_efa69a99-61aa-4654-9bad-61365a0827bf.webp,St Vincent de Paul Society (WA),The Society is made up of dedicated men and women of all backgrounds and ages who have made a commitment to the mission of the Society.
Zero_Pack_custom_compostable_packaging_eco-friendly_shipping_bags_and_mailers_grey.png,Flipside Distribution,"The company's line of business includes the wholesale distribution of women's, children's, and infants' clothing and accessories."
Zero_Pack_custom_compostable_packaging_eco-friendly_shipping_bags_and_mailers_cartridges_direct_grey.png,Cartridges Direct,100% AUSTRALIAN OWNED
Zero_Pack_custom_compostable_packaging_eco-friendly_shipping_bags_and_mailers_wittner_kelly_green_cc102790-2774-48b3-a1e8-40604f85c3c2.webp,Wittner,"ESTABLISHED 1912. Australia’s most beloved fashion footwear brand, Wittner has been creating women's shoes for over 100 years."
Zero Pack - Custom Compostable Packaging - Foodland-800x800.png,Foodland,The Mighty South Aussie
Zero Pack custom compostable packaging eco-friendly shipping bags and mailers yakeen safety brown.webp,Yakeen Safety,
Zero Pack custom compostable packaging eco-friendly shipping bags and mailers kingfisher purple.png,Kingfisher Mobile,
